index,Aveg1L,Aveg1R,Aveg2L,Aveg2R,Aveg3L,Aveg4L
0,0.000007,0.000068,0.000005,0.000065,0.000001,0.000064
1,0.000016,0.000081,0.000009,0.000071,0.000002,0.000068
2,0.000026,0.000093,0.000013,0.000078,0.000004,0.000070
3,0.000038,0.000113,0.000025,0.000087,0.000009,0.000074
4,0.000063,0.000142,0.000038,0.000101,0.000011,0.000079
5,0.000090,0.000182,0.000050,0.000120,0.000018,0.000085
6,0.000120,0.000222,0.000067,0.000140,0.000023,0.000093
7,0.000169,0.000279,0.000083,0.000166,0.000029,0.000099
8,0.000230,0.000333,0.000103,0.000204,0.000033,0.000109
9,0.000292,0.000387,0.000135,0.000231,0.000039,0.000121
10,0.000370,0.000474,0.000168,0.000261,0.000047,0.000133
11,0.000449,0.000566,0.000203,0.000303,0.000052,0.000141
12,0.000544,0.000665,0.000244,0.000344,0.000063,0.000156
13,0.000656,0.000774,0.000292,0.000393,0.000074,0.000170
14,0.000786,0.000898,0.000341,0.000440,0.000087,0.000180
15,0.000925,0.001036,0.000406,0.000496,0.000105,0.000191
16,0.001076,0.001171,0.000463,0.000566,0.000116,0.000203
17,0.001253,0.001314,0.000537,0.000634,0.000131,0.000225
18,0.001424,0.001465,0.000610,0.000704,0.000151,0.000250
19,0.001621,0.001652,0.000689,0.000792,0.000179,0.000273
20,0.001822,0.001844,0.000780,0.000883,0.000204,0.000296
21,0.002050,0.002078,0.000869,0.000980,0.000229,0.000320
22,0.002286,0.002296,0.000979,0.001084,0.000252,0.000356
23,0.002537,0.002534,0.001092,0.001192,0.000276,0.000385
24,0.002819,0.002795,0.001219,0.001311,0.000302,0.000419
25,0.003105,0.003055,0.001357,0.001437,0.000333,0.000442
26,0.003408,0.003339,0.001490,0.001557,0.000367,0.000473
27,0.003721,0.003641,0.001626,0.001691,0.000394,0.000513
28,0.004078,0.003932,0.001788,0.001839,0.000436,0.000547
29,0.004474,0.004276,0.001943,0.001980,0.000474,0.000589
30,0.004858,0.004587,0.002130,0.002138,0.000507,0.000626
31,0.005267,0.004937,0.002313,0.002297,0.000552,0.000657
32,0.005688,0.005308,0.002493,0.002457,0.000588,0.000699
33,0.006144,0.005713,0.002682,0.002649,0.000645,0.000738
34,0.006600,0.006099,0.002892,0.002834,0.000696,0.000778
35,0.007040,0.006516,0.003095,0.003021,0.000753,0.000831
36,0.007550,0.006953,0.003323,0.003212,0.000804,0.000871
37,0.008074,0.007403,0.003535,0.003439,0.000843,0.000917
38,0.008631,0.007849,0.003784,0.003653,0.000895,0.000966
39,0.009218,0.008310,0.004025,0.003870,0.000948,0.001024
40,0.009786,0.008831,0.004266,0.004093,0.001003,0.001081
41,0.010400,0.009357,0.004537,0.004337,0.001067,0.001132
42,0.010996,0.009941,0.004817,0.004606,0.001129,0.001198
43,0.011638,0.010494,0.005092,0.004850,0.001195,0.001263
44,0.012266,0.011060,0.005383,0.005115,0.001270,0.001323
45,0.012943,0.011616,0.005679,0.005388,0.001345,0.001390
46,0.013614,0.012214,0.005982,0.005679,0.001423,0.001450
47,0.014330,0.012797,0.006310,0.005970,0.001490,0.001523
48,0.015068,0.013422,0.006664,0.006269,0.001574,0.001589
49,0.015829,0.014062,0.007014,0.006570,0.001658,0.001659
50,0.016615,0.014715,0.007375,0.006886,0.001745,0.001736
51,0.017449,0.015379,0.007744,0.007219,0.001836,0.001799
52,0.018256,0.016059,0.008114,0.007560,0.001920,0.001879
53,0.019072,0.016805,0.008490,0.007902,0.002005,0.001957
54,0.019953,0.017521,0.008893,0.008259,0.002102,0.002036
55,0.020837,0.018255,0.009297,0.008586,0.002199,0.002124
56,0.021769,0.019055,0.009720,0.008950,0.002294,0.002218
57,0.022765,0.019844,0.010165,0.009359,0.002396,0.002304
58,0.023694,0.020628,0.010604,0.009755,0.002504,0.002397
59,0.024635,0.021465,0.011056,0.010139,0.002622,0.002485
60,0.025638,0.022268,0.011539,0.010527,0.002734,0.002586
61,0.026672,0.023137,0.012021,0.010936,0.002833,0.002693
62,0.027733,0.023990,0.012523,0.011375,0.002948,0.002785
63,0.028849,0.024901,0.013007,0.011792,0.003058,0.002900
64,0.029945,0.025813,0.013493,0.012226,0.003181,0.003011
65,0.031064,0.026761,0.014017,0.012656,0.003315,0.003120
66,0.032242,0.027733,0.014518,0.013121,0.003461,0.003233
67,0.033383,0.028736,0.015071,0.013597,0.003589,0.003344
68,0.034561,0.029692,0.015599,0.014060,0.003720,0.003455
69,0.035776,0.030720,0.016204,0.014532,0.003862,0.003578
70,0.036960,0.031766,0.016753,0.015025,0.004002,0.003685
71,0.038198,0.032836,0.017392,0.015532,0.004144,0.003807
72,0.039440,0.033938,0.018014,0.016033,0.004294,0.003934
73,0.040746,0.035067,0.018627,0.016509,0.004446,0.004050
74,0.042082,0.036202,0.019262,0.017024,0.004619,0.004190
75,0.043438,0.037316,0.019911,0.017528,0.004796,0.004315
76,0.044841,0.038445,0.020555,0.018090,0.004945,0.004462
77,0.046156,0.039584,0.021224,0.018636,0.005107,0.004588
78,0.047566,0.040732,0.021889,0.019180,0.005270,0.004740
79,0.048990,0.041884,0.022549,0.019731,0.005425,0.004891
80,0.050468,0.043019,0.023239,0.020352,0.005603,0.005045
81,0.051962,0.044265,0.023943,0.020963,0.005798,0.005190
82,0.053475,0.045493,0.024686,0.021556,0.005981,0.005342
83,0.054998,0.046706,0.025415,0.022171,0.006176,0.005497
84,0.056544,0.047977,0.026127,0.022772,0.006367,0.005646
85,0.058132,0.049257,0.026896,0.023402,0.006539,0.005812
86,0.059673,0.050599,0.027650,0.024020,0.006716,0.005979
87,0.061244,0.051941,0.028427,0.024670,0.006927,0.006138
88,0.062845,0.053294,0.029171,0.025316,0.007136,0.006288
89,0.064488,0.054652,0.029981,0.026003,0.007328,0.006456
90,0.066118,0.055991,0.030779,0.026680,0.007529,0.006638
91,0.067828,0.057407,0.031615,0.027321,0.007745,0.006821
92,0.069562,0.058802,0.032466,0.028021,0.007959,0.007000
93,0.071257,0.060220,0.033295,0.028719,0.008170,0.007200
94,0.073041,0.061686,0.034183,0.029454,0.008394,0.007388
95,0.074824,0.063124,0.035075,0.030226,0.008610,0.007575
96,0.076590,0.064623,0.035966,0.030985,0.008840,0.007746
97,0.078409,0.066094,0.036893,0.031726,0.009064,0.007950
98,0.080229,0.067599,0.037813,0.032460,0.009288,0.008152
99,0.082094,0.069130,0.038723,0.033225,0.009500,0.008347
100,0.083953,0.070711,0.039664,0.033962,0.009729,0.008553
101,0.085930,0.072252,0.040568,0.034716,0.009974,0.008751
102,0.087853,0.073848,0.041471,0.035493,0.010232,0.008955
103,0.089752,0.075486,0.042453,0.036306,0.010460,0.009160
104,0.091746,0.077136,0.043445,0.037120,0.010702,0.009354
105,0.093659,0.078809,0.044413,0.037950,0.010950,0.009568
106,0.095683,0.080513,0.045459,0.038771,0.011209,0.009789
107,0.097711,0.082242,0.046481,0.039574,0.011468,0.010002
108,0.099747,0.083901,0.047517,0.040466,0.011717,0.010220
109,0.101765,0.085662,0.048536,0.041321,0.012001,0.010435
110,0.103907,0.087389,0.049606,0.042185,0.012259,0.010646
111,0.106009,0.089210,0.050623,0.043051,0.012543,0.010886
112,0.108203,0.090928,0.051694,0.043949,0.012819,0.011124
113,0.110409,0.092744,0.052805,0.044861,0.013104,0.011378
114,0.112623,0.094600,0.053932,0.045778,0.013384,0.011618
115,0.114885,0.096505,0.055079,0.046693,0.013668,0.011857
116,0.117157,0.098375,0.056243,0.047593,0.013959,0.012113
117,0.119495,0.100264,0.057377,0.048581,0.014233,0.012355
118,0.121824,0.102181,0.058524,0.049537,0.014523,0.012614
119,0.124138,0.104129,0.059659,0.050521,0.014820,0.012897
120,0.126526,0.106113,0.060844,0.051506,0.015134,0.013152
121,0.128864,0.108083,0.062022,0.052462,0.015418,0.013414
122,0.131285,0.110053,0.063254,0.053436,0.015717,0.013694
123,0.133724,0.112106,0.064458,0.054417,0.016027,0.013989
124,0.136079,0.114103,0.065743,0.055416,0.016344,0.014248
125,0.138551,0.116165,0.066981,0.056459,0.016628,0.014524
126,0.141076,0.118256,0.068247,0.057477,0.016931,0.014807
127,0.143617,0.120353,0.069519,0.058463,0.017262,0.015085
128,0.146163,0.122448,0.070793,0.059525,0.017612,0.015361
129,0.148761,0.124445,0.072059,0.060547,0.017934,0.015643
130,0.151389,0.126556,0.073344,0.061588,0.018286,0.015931
131,0.153988,0.128643,0.074641,0.062686,0.018605,0.016210
132,0.156630,0.130817,0.075974,0.063763,0.018964,0.016501
133,0.159282,0.133040,0.077291,0.064855,0.019331,0.016776
134,0.161951,0.135299,0.078655,0.065994,0.019688,0.017052
135,0.164585,0.137535,0.079996,0.067148,0.020042,0.017345
136,0.167267,0.139771,0.081370,0.068260,0.020395,0.017637
137,0.170007,0.142040,0.082750,0.069434,0.020748,0.017937
138,0.172789,0.144329,0.084146,0.070622,0.021118,0.018233
139,0.175554,0.146605,0.085527,0.071792,0.021481,0.018532
140,0.178332,0.148876,0.086923,0.072957,0.021868,0.018851
141,0.181174,0.151166,0.088397,0.074177,0.022245,0.019187
142,0.183959,0.153520,0.089780,0.075333,0.022620,0.019504
143,0.186893,0.155884,0.091185,0.076565,0.023015,0.019808
144,0.189865,0.158296,0.092713,0.077796,0.023381,0.020162
145,0.192816,0.160666,0.094182,0.079005,0.023799,0.020488
146,0.195776,0.163121,0.095672,0.080270,0.024200,0.020834
147,0.198721,0.165631,0.097172,0.081493,0.024573,0.021162
148,0.201740,0.168063,0.098703,0.082782,0.024976,0.021500
149,0.204811,0.170623,0.100245,0.084089,0.025372,0.021812
150,0.207847,0.173165,0.101836,0.085343,0.025815,0.022151
151,0.210920,0.175669,0.103340,0.086652,0.026226,0.022524
152,0.213972,0.178231,0.104935,0.087941,0.026630,0.022866
153,0.217010,0.180870,0.106481,0.089231,0.027059,0.023210
154,0.220084,0.183492,0.108118,0.090526,0.027479,0.023579
155,0.223276,0.186113,0.109703,0.091887,0.027905,0.023948
156,0.226470,0.188768,0.111351,0.093246,0.028353,0.024310
157,0.229647,0.191450,0.112992,0.094565,0.028788,0.024647
158,0.232897,0.194099,0.114694,0.095873,0.029220,0.025001
159,0.236203,0.196823,0.116310,0.097302,0.029668,0.025357
160,0.239468,0.199494,0.117987,0.098699,0.030111,0.025735
161,0.242773,0.202276,0.119619,0.100070,0.030546,0.026104
162,0.246201,0.204998,0.121281,0.101449,0.031021,0.026509
163,0.249516,0.207853,0.122938,0.102834,0.031480,0.026891
164,0.252936,0.210694,0.124615,0.104258,0.031917,0.027273
165,0.256340,0.213508,0.126337,0.105707,0.032372,0.027660
166,0.259786,0.216333,0.128105,0.107141,0.032850,0.028044
167,0.263231,0.219175,0.129814,0.108557,0.033300,0.028430
168,0.266652,0.222064,0.131644,0.109974,0.033795,0.028860
169,0.270112,0.225029,0.133364,0.111455,0.034280,0.029263
170,0.273669,0.227938,0.135200,0.112929,0.034761,0.029669
171,0.277189,0.230781,0.137056,0.114388,0.035265,0.030051
172,0.280728,0.233721,0.138925,0.115873,0.035801,0.030464
173,0.284346,0.236705,0.140783,0.117383,0.036335,0.030864
174,0.288051,0.239617,0.142604,0.118890,0.036842,0.031304
175,0.291797,0.242630,0.144428,0.120405,0.037342,0.031716
176,0.295545,0.245625,0.146353,0.121904,0.037851,0.032134
177,0.299162,0.248622,0.148234,0.123402,0.038370,0.032568
178,0.302932,0.251742,0.150193,0.124943,0.038913,0.033008
179,0.306674,0.254833,0.152101,0.126517,0.039435,0.033417
180,0.310406,0.257867,0.154054,0.128069,0.039979,0.033887
181,0.314143,0.261045,0.155998,0.129637,0.040540,0.034329
182,0.317902,0.264164,0.157958,0.131245,0.041098,0.034749
183,0.321617,0.267324,0.159913,0.132842,0.041635,0.035175
184,0.325443,0.270504,0.161925,0.134420,0.042171,0.035615
185,0.329221,0.273651,0.163973,0.136053,0.042716,0.036074
186,0.333027,0.276783,0.166073,0.137724,0.043287,0.036527
187,0.336848,0.280012,0.168078,0.139341,0.043813,0.036992
188,0.340681,0.283156,0.170164,0.141008,0.044359,0.037423
189,0.344489,0.286359,0.172196,0.142700,0.044913,0.037872
190,0.348239,0.289640,0.174219,0.144308,0.045466,0.038351
191,0.352073,0.292842,0.176262,0.146016,0.046039,0.038808
192,0.355787,0.296054,0.178350,0.147741,0.046606,0.039282
193,0.359499,0.299297,0.180441,0.149430,0.047175,0.039747
194,0.363190,0.302516,0.182486,0.151172,0.047753,0.040219
195,0.366849,0.305807,0.184614,0.152835,0.048336,0.040729
196,0.370540,0.309203,0.186804,0.154592,0.048940,0.041224
197,0.374146,0.312520,0.189023,0.156389,0.049534,0.041684
198,0.377815,0.315795,0.191230,0.158080,0.050140,0.042155
199,0.381492,0.319139,0.193392,0.159802,0.050732,0.042636
200,0.385024,0.322475,0.195543,0.161591,0.051307,0.043132
201,0.388578,0.325838,0.197737,0.163403,0.051895,0.043636
202,0.392054,0.329136,0.199966,0.165211,0.052518,0.044109
203,0.395430,0.332476,0.202235,0.167064,0.053165,0.044612
204,0.398777,0.335839,0.204520,0.168879,0.053778,0.045109
205,0.402073,0.339122,0.206729,0.170697,0.054420,0.045623
206,0.405283,0.342447,0.208996,0.172592,0.055042,0.046136
207,0.408421,0.345742,0.211258,0.174454,0.055673,0.046636
208,0.411503,0.349117,0.213531,0.176321,0.056323,0.047121
209,0.414597,0.352363,0.215917,0.178194,0.056956,0.047654
210,0.417628,0.355692,0.218210,0.180043,0.057577,0.048173
211,0.420551,0.358989,0.220557,0.181986,0.058211,0.048698
212,0.423441,0.362241,0.222900,0.183875,0.058862,0.049205
213,0.426307,0.365557,0.225222,0.185807,0.059495,0.049734
214,0.429099,0.368804,0.227588,0.187677,0.060113,0.050261
215,0.431769,0.371899,0.229916,0.189583,0.060770,0.050815
216,0.434366,0.375050,0.232310,0.191495,0.061432,0.051354
217,0.436884,0.378237,0.234699,0.193486,0.062081,0.051860
218,0.439365,0.381307,0.237076,0.195474,0.062748,0.052413
219,0.441785,0.384453,0.239428,0.197477,0.063390,0.052947
220,0.444161,0.387552,0.241942,0.199492,0.064054,0.053536
221,0.446411,0.390584,0.244450,0.201447,0.064734,0.054112
222,0.448639,0.393625,0.246884,0.203459,0.065413,0.054684
223,0.450734,0.396553,0.249350,0.205457,0.066097,0.055216
224,0.452809,0.399451,0.251835,0.207527,0.066811,0.055760
225,0.454852,0.402245,0.254321,0.209470,0.067498,0.056318
226,0.456794,0.405032,0.256863,0.211490,0.068198,0.056871
227,0.458682,0.407783,0.259341,0.213500,0.068860,0.057432
228,0.460542,0.410509,0.261843,0.215580,0.069566,0.058010
229,0.462287,0.413214,0.264340,0.217629,0.070294,0.058541
230,0.464024,0.415811,0.266885,0.219694,0.071019,0.059101
231,0.465617,0.418365,0.269468,0.221801,0.071742,0.059672
232,0.467231,0.420922,0.272016,0.223913,0.072467,0.060230
233,0.468765,0.423373,0.274552,0.225959,0.073191,0.060811
234,0.470251,0.425782,0.277130,0.228116,0.073900,0.061384
235,0.471689,0.428101,0.279709,0.230214,0.074670,0.061931
236,0.473011,0.430422,0.282313,0.232265,0.075384,0.062529
237,0.474277,0.432629,0.284997,0.234462,0.076142,0.063123
238,0.475529,0.434842,0.287713,0.236592,0.076897,0.063728
239,0.476750,0.437026,0.290390,0.238747,0.077632,0.064338
240,0.477946,0.439117,0.293018,0.240885,0.078399,0.064960
241,0.479089,0.441127,0.295660,0.243112,0.079167,0.065572
242,0.480150,0.443142,0.298217,0.245334,0.079890,0.066182
243,0.481187,0.445051,0.300839,0.247531,0.080663,0.066804
244,0.482168,0.446946,0.303560,0.249725,0.081473,0.067404
245,0.483124,0.448730,0.306231,0.251992,0.082257,0.068022
246,0.484009,0.450536,0.308965,0.254256,0.083013,0.068618
247,0.484858,0.452292,0.311657,0.256510,0.083806,0.069246
248,0.485649,0.454012,0.314386,0.258807,0.084584,0.069866
249,0.486466,0.455658,0.317078,0.261061,0.085438,0.070506
250,0.487208,0.457292,0.319786,0.263352,0.086243,0.071137
251,0.487951,0.458872,0.322528,0.265671,0.087042,0.071789
252,0.488648,0.460423,0.325272,0.267883,0.087810,0.072466
253,0.489321,0.461889,0.327940,0.270117,0.088610,0.073105
254,0.489937,0.463287,0.330782,0.272435,0.089398,0.073731
255,0.490558,0.464722,0.333514,0.274736,0.090204,0.074350
256,0.491125,0.466096,0.336252,0.277108,0.091024,0.074999
257,0.491647,0.467469,0.339033,0.279427,0.091840,0.075642
258,0.492142,0.468751,0.341714,0.281725,0.092666,0.076288
259,0.492632,0.470028,0.344487,0.284067,0.093522,0.076940
260,0.493095,0.471265,0.347163,0.286420,0.094367,0.077599
261,0.493541,0.472432,0.349808,0.288791,0.095224,0.078257
262,0.493934,0.473649,0.352380,0.291123,0.096036,0.078921
263,0.494327,0.474784,0.355052,0.293484,0.096879,0.079565
264,0.494680,0.475867,0.357662,0.295802,0.097762,0.080225
265,0.495029,0.476914,0.360387,0.298172,0.098592,0.080879
266,0.495337,0.477927,0.363029,0.300606,0.099407,0.081546
267,0.495593,0.478889,0.365664,0.303014,0.100255,0.082227
268,0.495851,0.479836,0.368254,0.305425,0.101107,0.082946
269,0.496092,0.480767,0.370840,0.307808,0.101961,0.083630
270,0.496304,0.481669,0.373420,0.310248,0.102814,0.084293
271,0.496512,0.482529,0.375911,0.312651,0.103704,0.084954
272,0.496693,0.483402,0.378445,0.315021,0.104564,0.085642
273,0.496863,0.484199,0.380920,0.317386,0.105419,0.086358
274,0.497022,0.484979,0.383417,0.319846,0.106339,0.087032
275,0.497175,0.485718,0.385912,0.322237,0.107244,0.087741
276,0.497323,0.486463,0.388361,0.324610,0.108160,0.088447
277,0.497445,0.487199,0.390768,0.327019,0.109075,0.089172
278,0.497565,0.487839,0.393164,0.329451,0.109987,0.089864
279,0.497655,0.488478,0.395449,0.331899,0.110874,0.090552
280,0.497744,0.489079,0.397765,0.334344,0.111788,0.091270
281,0.497827,0.489675,0.400039,0.336834,0.112739,0.091992
282,0.497897,0.490232,0.402285,0.339308,0.113613,0.092716
283,0.497962,0.490795,0.404514,0.341756,0.114520,0.093411
284,0.498032,0.491301,0.406656,0.344167,0.115453,0.094100
285,0.498089,0.491790,0.408788,0.346525,0.116345,0.094806
286,0.498126,0.492239,0.410829,0.348903,0.117280,0.095573
287,0.498157,0.492686,0.412940,0.351245,0.118204,0.096284
288,0.498186,0.493092,0.414998,0.353636,0.119167,0.097010
289,0.498208,0.493484,0.417053,0.355957,0.120113,0.097787
290,0.498226,0.493823,0.419009,0.358270,0.121085,0.098580
291,0.498245,0.494197,0.420953,0.360670,0.122032,0.099353
292,0.498256,0.494515,0.422845,0.362988,0.122963,0.100106
293,0.498260,0.494825,0.424612,0.365273,0.123931,0.100870
294,0.498263,0.495102,0.426450,0.367609,0.124874,0.101656
295,0.498263,0.495377,0.428236,0.369924,0.125856,0.102435
296,0.498260,0.495644,0.429990,0.372209,0.126857,0.103204
297,0.498252,0.495894,0.431706,0.374421,0.127829,0.104012
298,0.498244,0.496125,0.433377,0.376678,0.128842,0.104813
299,0.498227,0.496311,0.435079,0.378864,0.129821,0.105577
300,0.498213,0.496512,0.436740,0.381125,0.130778,0.106348
301,0.498190,0.496670,0.438305,0.383291,0.131780,0.107143
302,0.498163,0.496823,0.439802,0.385484,0.132795,0.107878
303,0.498143,0.496957,0.441317,0.387632,0.133810,0.108669
304,0.498120,0.497084,0.442812,0.389753,0.134800,0.109453
305,0.498093,0.497188,0.444213,0.391794,0.135802,0.110229
306,0.498054,0.497286,0.445678,0.393920,0.136827,0.111025
307,0.498021,0.497367,0.447075,0.395995,0.137846,0.111862
308,0.497981,0.497430,0.448431,0.398009,0.138900,0.112679
309,0.497938,0.497476,0.449761,0.400007,0.139907,0.113495
310,0.497899,0.497517,0.451061,0.401926,0.140924,0.114274
311,0.497846,0.497552,0.452288,0.403883,0.142003,0.115084
312,0.497800,0.497581,0.453503,0.405755,0.143027,0.115914
313,0.497753,0.497598,0.454686,0.407589,0.144066,0.116724
314,0.497697,0.497607,0.455865,0.409410,0.145117,0.117592
315,0.497625,0.497601,0.457020,0.411210,0.146155,0.118464
316,0.497567,0.497582,0.458116,0.413021,0.147244,0.119282
317,0.497498,0.497576,0.459197,0.414808,0.148279,0.120139
318,0.497422,0.497546,0.460265,0.416490,0.149327,0.120973
319,0.497354,0.497518,0.461315,0.418169,0.150371,0.121830
320,0.497277,0.497481,0.462307,0.419857,0.151417,0.122704
321,0.497207,0.497427,0.463276,0.421492,0.152475,0.123546
322,0.497122,0.497385,0.464229,0.423181,0.153550,0.124424
323,0.497027,0.497317,0.465158,0.424761,0.154614,0.125311
324,0.496945,0.497239,0.466021,0.426272,0.155694,0.126158
325,0.496846,0.497172,0.466889,0.427776,0.156766,0.127001
326,0.496751,0.497102,0.467756,0.429308,0.157880,0.127850
327,0.496656,0.497025,0.468551,0.430779,0.158940,0.128719
328,0.496555,0.496935,0.469327,0.432223,0.159996,0.129577
329,0.496452,0.496842,0.470084,0.433633,0.161044,0.130445
330,0.496334,0.496734,0.470790,0.435027,0.162181,0.131331
331,0.496210,0.496631,0.471522,0.436335,0.163304,0.132205
332,0.496081,0.496539,0.472210,0.437675,0.164340,0.133052
333,0.495949,0.496414,0.472859,0.438956,0.165471,0.133902
334,0.495814,0.496285,0.473530,0.440211,0.166561,0.134750
335,0.495674,0.496164,0.474156,0.441491,0.167635,0.135620
336,0.495533,0.496036,0.474742,0.442686,0.168754,0.136517
337,0.495371,0.495914,0.475339,0.443879,0.169880,0.137397
338,0.495193,0.495787,0.475869,0.445007,0.170995,0.138265
339,0.495036,0.495662,0.476347,0.446159,0.172081,0.139189
340,0.494874,0.495522,0.476823,0.447291,0.173190,0.140036
341,0.494692,0.495370,0.477296,0.448387,0.174310,0.140897
342,0.494519,0.495208,0.477767,0.449479,0.175452,0.141802
343,0.494338,0.495056,0.478202,0.450548,0.176569,0.142706
344,0.494140,0.494895,0.478608,0.451550,0.177692,0.143591
345,0.493934,0.494714,0.478964,0.452596,0.178882,0.144483
346,0.493741,0.494522,0.479308,0.453541,0.179983,0.145395
347,0.493532,0.494340,0.479585,0.454536,0.181114,0.146306
348,0.493303,0.494155,0.479902,0.455494,0.182253,0.147216
349,0.493074,0.493965,0.480170,0.456395,0.183411,0.148140
350,0.492867,0.493766,0.480422,0.457316,0.184550,0.149016
351,0.492632,0.493547,0.480700,0.458202,0.185732,0.149934
352,0.492357,0.493322,0.480939,0.459049,0.186876,0.150848
353,0.492107,0.493101,0.481138,0.459789,0.188005,0.151776
354,0.491837,0.492867,0.481343,0.460597,0.189169,0.152703
355,0.491573,0.492622,0.481525,0.461356,0.190320,0.153653
356,0.491304,0.492367,0.481726,0.462096,0.191545,0.154542
357,0.491031,0.492117,0.481861,0.462799,0.192759,0.155507
358,0.490744,0.491885,0.481978,0.463490,0.193925,0.156429
359,0.490415,0.491635,0.482092,0.464163,0.195147,0.157362
360,0.490056,0.491342,0.482177,0.464822,0.196314,0.158276
361,0.489722,0.491071,0.482241,0.465426,0.197475,0.159203
362,0.489380,0.490771,0.482279,0.466008,0.198608,0.160137
363,0.489052,0.490464,0.482344,0.466617,0.199811,0.161060
364,0.488708,0.490159,0.482335,0.467146,0.201014,0.161969
365,0.488339,0.489827,0.482332,0.467706,0.202191,0.162894
366,0.487950,0.489508,0.482348,0.468243,0.203383,0.163855
367,0.487546,0.489169,0.482336,0.468749,0.204529,0.164801
368,0.487133,0.488806,0.482291,0.469205,0.205739,0.165773
369,0.486729,0.488442,0.482223,0.469670,0.206896,0.166732
370,0.486324,0.488085,0.482158,0.470138,0.208085,0.167678
371,0.485866,0.487724,0.482075,0.470594,0.209285,0.168647
372,0.485401,0.487322,0.481990,0.470989,0.210524,0.169576
373,0.484930,0.486931,0.481901,0.471348,0.211777,0.170485
374,0.484446,0.486541,0.481781,0.471713,0.212924,0.171450
375,0.483942,0.486127,0.481625,0.472024,0.214178,0.172430
376,0.483435,0.485732,0.481483,0.472343,0.215417,0.173377
377,0.482917,0.485289,0.481315,0.472643,0.216623,0.174347
378,0.482364,0.484833,0.481132,0.472899,0.217870,0.175302
379,0.481836,0.484382,0.480967,0.473134,0.219099,0.176277
380,0.481282,0.483940,0.480790,0.473382,0.220332,0.177254
381,0.480744,0.483458,0.480612,0.473578,0.221605,0.178251
382,0.480166,0.482969,0.480370,0.473784,0.222855,0.179264
383,0.479573,0.482462,0.480151,0.473939,0.224056,0.180251
384,0.478938,0.481954,0.479937,0.474094,0.225286,0.181238
385,0.478333,0.481409,0.479706,0.474207,0.226480,0.182214
386,0.477729,0.480873,0.479445,0.474285,0.227766,0.183201
387,0.477098,0.480336,0.479168,0.474357,0.229012,0.184194
388,0.476464,0.479790,0.478884,0.474415,0.230225,0.185151
389,0.475780,0.479232,0.478611,0.474456,0.231440,0.186182
390,0.475110,0.478673,0.478297,0.474512,0.232679,0.187194
391,0.474388,0.478109,0.478002,0.474529,0.233929,0.188210
392,0.473696,0.477482,0.477676,0.474534,0.235151,0.189211
393,0.473008,0.476877,0.477338,0.474553,0.236400,0.190202
394,0.472263,0.476269,0.477010,0.474536,0.237609,0.191165
395,0.471538,0.475640,0.476657,0.474496,0.238848,0.192103
396,0.470797,0.474943,0.476299,0.474431,0.240142,0.193097
397,0.469983,0.474277,0.475909,0.474304,0.241396,0.194127
398,0.469165,0.473641,0.475527,0.474205,0.242667,0.195120
399,0.468330,0.472916,0.475161,0.474087,0.243988,0.196111
400,0.467457,0.472208,0.474755,0.473923,0.245203,0.197174
401,0.466591,0.471505,0.474344,0.473782,0.246459,0.198199
402,0.465717,0.470767,0.473911,0.473618,0.247715,0.199221
403,0.464828,0.470011,0.473511,0.473460,0.248961,0.200292
404,0.463918,0.469218,0.473087,0.473220,0.250226,0.201296
405,0.462965,0.468452,0.472667,0.472997,0.251485,0.202347
406,0.462005,0.467654,0.472209,0.472805,0.252711,0.203349
407,0.461052,0.466874,0.471752,0.472546,0.253995,0.204398
408,0.460098,0.466012,0.471282,0.472235,0.255250,0.205435
409,0.459135,0.465151,0.470794,0.471970,0.256537,0.206474
410,0.458148,0.464313,0.470328,0.471702,0.257819,0.207542
411,0.457101,0.463453,0.469857,0.471400,0.259067,0.208591
412,0.456039,0.462563,0.469355,0.471066,0.260323,0.209628
413,0.454989,0.461667,0.468845,0.470746,0.261579,0.210676
414,0.453981,0.460795,0.468336,0.470412,0.262902,0.211704
415,0.452851,0.459877,0.467773,0.470074,0.264166,0.212747
416,0.451789,0.458967,0.467233,0.469703,0.265485,0.213780
417,0.450655,0.458007,0.466699,0.469334,0.266729,0.214778
418,0.449499,0.457006,0.466099,0.468965,0.268007,0.215818
419,0.448333,0.456061,0.465544,0.468568,0.269271,0.216815
420,0.447094,0.455115,0.464977,0.468162,0.270576,0.217888
421,0.445900,0.454111,0.464399,0.467732,0.271819,0.218896
422,0.444658,0.453091,0.463775,0.467311,0.273051,0.219970
423,0.443445,0.452083,0.463189,0.466871,0.274288,0.220992
424,0.442227,0.451013,0.462557,0.466395,0.275562,0.222029
425,0.440945,0.449975,0.461925,0.465906,0.276815,0.223054
426,0.439628,0.448916,0.461277,0.465443,0.278017,0.224092
427,0.438288,0.447768,0.460669,0.464938,0.279243,0.225115
428,0.436962,0.446639,0.459996,0.464458,0.280501,0.226136
429,0.435598,0.445498,0.459343,0.463926,0.281746,0.227146
430,0.434232,0.444370,0.458665,0.463380,0.283004,0.228198
431,0.432814,0.443205,0.457997,0.462839,0.284202,0.229193
432,0.431359,0.441977,0.457304,0.462288,0.285418,0.230201
433,0.429974,0.440787,0.456617,0.461729,0.286653,0.231256
434,0.428546,0.439578,0.455867,0.461163,0.287903,0.232270
435,0.426986,0.438317,0.455146,0.460599,0.289163,0.233284
436,0.425471,0.437046,0.454432,0.460029,0.290352,0.234256
437,0.423952,0.435779,0.453704,0.459407,0.291559,0.235298
438,0.422423,0.434499,0.452922,0.458801,0.292727,0.236338
439,0.420848,0.433173,0.452152,0.458176,0.293954,0.237385
440,0.419328,0.431854,0.451415,0.457524,0.295123,0.238411
441,0.417716,0.430518,0.450645,0.456852,0.296313,0.239449
442,0.416069,0.429204,0.449816,0.456188,0.297468,0.240486
443,0.414417,0.427842,0.449001,0.455510,0.298655,0.241501
444,0.412763,0.426457,0.448195,0.454820,0.299885,0.242563
445,0.411060,0.425057,0.447386,0.454139,0.301110,0.243628
446,0.409326,0.423681,0.446565,0.453456,0.302274,0.244653
447,0.407624,0.422239,0.445727,0.452772,0.303401,0.245640
448,0.405851,0.420784,0.444892,0.452101,0.304548,0.246664
449,0.404081,0.419301,0.444036,0.451403,0.305712,0.247646
450,0.402290,0.417839,0.443165,0.450659,0.306813,0.248680
451,0.400449,0.416348,0.442261,0.449883,0.307897,0.249701
452,0.398638,0.414869,0.441384,0.449148,0.308992,0.250765
453,0.396771,0.413362,0.440443,0.448429,0.310103,0.251818
454,0.394940,0.411783,0.439497,0.447677,0.311158,0.252824
455,0.393042,0.410203,0.438582,0.446902,0.312238,0.253845
456,0.391119,0.408594,0.437637,0.446083,0.313314,0.254890
457,0.389240,0.407010,0.436695,0.445232,0.314381,0.255919
458,0.387256,0.405314,0.435714,0.444475,0.315429,0.256950
459,0.385246,0.403722,0.434749,0.443672,0.316464,0.257949
460,0.383260,0.402098,0.433729,0.442863,0.317474,0.258907
461,0.381227,0.400449,0.432714,0.442012,0.318520,0.259940
462,0.379191,0.398681,0.431686,0.441154,0.319513,0.260918
463,0.377186,0.396934,0.430626,0.440302,0.320552,0.261921
464,0.375170,0.395140,0.429594,0.439435,0.321541,0.262921
465,0.373112,0.393387,0.428550,0.438561,0.322514,0.263945
466,0.371011,0.391623,0.427441,0.437711,0.323513,0.264983
467,0.368862,0.389891,0.426335,0.436825,0.324522,0.265986
468,0.366664,0.388164,0.425255,0.435912,0.325463,0.266974
469,0.364549,0.386379,0.424141,0.434997,0.326390,0.267969
470,0.362357,0.384518,0.423019,0.434061,0.327263,0.268992
471,0.360173,0.382648,0.421896,0.433118,0.328164,0.269977
472,0.357972,0.380768,0.420775,0.432155,0.329120,0.270904
473,0.355833,0.378854,0.419611,0.431231,0.329999,0.271870
474,0.353639,0.376993,0.418411,0.430257,0.330770,0.272872
475,0.351335,0.375118,0.417243,0.429285,0.331673,0.273837
476,0.349080,0.373206,0.416043,0.428330,0.332555,0.274806
477,0.346786,0.371292,0.414847,0.427347,0.333398,0.275758
478,0.344380,0.369310,0.413610,0.426349,0.334229,0.276713
479,0.342022,0.367380,0.412399,0.425323,0.335060,0.277705
480,0.339626,0.365364,0.411201,0.424270,0.335813,0.278682
481,0.337213,0.363346,0.410004,0.423273,0.336580,0.279638
482,0.334813,0.361358,0.408716,0.422269,0.337372,0.280626
483,0.332454,0.359310,0.407437,0.421236,0.338189,0.281560
484,0.330032,0.357281,0.406198,0.420154,0.338932,0.282512
485,0.327620,0.355209,0.404897,0.419061,0.339705,0.283409
486,0.325155,0.353120,0.403613,0.417943,0.340367,0.284349
487,0.322646,0.351031,0.402264,0.416868,0.341095,0.285326
488,0.320212,0.348898,0.400931,0.415799,0.341847,0.286262
489,0.317777,0.346735,0.399567,0.414705,0.342543,0.287164
490,0.315307,0.344547,0.398229,0.413568,0.343184,0.288090
491,0.312765,0.342360,0.396846,0.412476,0.343842,0.289045
492,0.310157,0.340148,0.395458,0.411292,0.344528,0.289883
493,0.307651,0.337939,0.394081,0.410135,0.345188,0.290760
494,0.305116,0.335774,0.392663,0.408999,0.345774,0.291660
495,0.302557,0.333555,0.391271,0.407820,0.346391,0.292570
496,0.299993,0.331301,0.389850,0.406603,0.346987,0.293417
497,0.297408,0.329128,0.388432,0.405437,0.347568,0.294305
498,0.294833,0.326851,0.386917,0.404260,0.348088,0.295210
499,0.292247,0.324630,0.385461,0.403058,0.348629,0.296053
