index,Aveg1L,Aveg1R,Aveg2L,Aveg2R,Aveg3L,Aveg3R
0,0.000015,0.000087,0.000010,0.000079,0.000004,0.000070
1,0.000034,0.000115,0.000024,0.000099,0.000008,0.000075
2,0.000061,0.000153,0.000043,0.000125,0.000012,0.000082
3,0.000091,0.000198,0.000067,0.000152,0.000016,0.000089
4,0.000123,0.000248,0.000089,0.000184,0.000020,0.000096
5,0.000170,0.000324,0.000121,0.000227,0.000027,0.000103
6,0.000236,0.000408,0.000156,0.000275,0.000035,0.000112
7,0.000309,0.000497,0.000201,0.000329,0.000045,0.000123
8,0.000400,0.000612,0.000248,0.000393,0.000051,0.000134
9,0.000491,0.000733,0.000299,0.000464,0.000061,0.000150
10,0.000590,0.000870,0.000354,0.000539,0.000073,0.000166
11,0.000721,0.001020,0.000418,0.000621,0.000087,0.000185
12,0.000851,0.001183,0.000482,0.000705,0.000103,0.000202
13,0.000977,0.001355,0.000560,0.000797,0.000119,0.000217
14,0.001126,0.001556,0.000650,0.000914,0.000136,0.000231
15,0.001286,0.001752,0.000739,0.001022,0.000152,0.000254
16,0.001470,0.001968,0.000828,0.001142,0.000167,0.000272
17,0.001661,0.002202,0.000918,0.001262,0.000184,0.000295
18,0.001860,0.002451,0.001026,0.001388,0.000198,0.000314
19,0.002061,0.002719,0.001139,0.001530,0.000212,0.000339
20,0.002285,0.002983,0.001244,0.001670,0.000233,0.000370
21,0.002529,0.003267,0.001365,0.001853,0.000253,0.000396
22,0.002786,0.003575,0.001490,0.002036,0.000272,0.000421
23,0.003078,0.003909,0.001624,0.002211,0.000289,0.000450
24,0.003385,0.004224,0.001749,0.002394,0.000311,0.000483
25,0.003698,0.004575,0.001899,0.002584,0.000330,0.000509
26,0.004042,0.004940,0.002074,0.002768,0.000356,0.000532
27,0.004377,0.005320,0.002239,0.002969,0.000383,0.000571
28,0.004754,0.005720,0.002402,0.003182,0.000407,0.000610
29,0.005180,0.006157,0.002600,0.003407,0.000427,0.000647
30,0.005604,0.006592,0.002802,0.003631,0.000455,0.000681
31,0.006063,0.007019,0.002994,0.003889,0.000482,0.000716
32,0.006527,0.007484,0.003210,0.004139,0.000519,0.000755
33,0.006999,0.007963,0.003416,0.004374,0.000549,0.000793
34,0.007491,0.008467,0.003674,0.004628,0.000580,0.000833
35,0.007973,0.009014,0.003947,0.004907,0.000614,0.000877
36,0.008451,0.009569,0.004202,0.005203,0.000658,0.000926
37,0.009008,0.010140,0.004454,0.005478,0.000703,0.000970
38,0.009553,0.010743,0.004728,0.005782,0.000734,0.001013
39,0.010165,0.011314,0.005021,0.006075,0.000773,0.001058
40,0.010775,0.011915,0.005305,0.006379,0.000809,0.001112
41,0.011398,0.012559,0.005605,0.006698,0.000847,0.001158
42,0.012044,0.013218,0.005903,0.007018,0.000892,0.001210
43,0.012687,0.013890,0.006220,0.007362,0.000931,0.001254
44,0.013383,0.014600,0.006561,0.007688,0.000984,0.001305
45,0.014082,0.015314,0.006916,0.008038,0.001025,0.001353
46,0.014785,0.016024,0.007258,0.008413,0.001072,0.001406
47,0.015526,0.016763,0.007644,0.008793,0.001115,0.001456
48,0.016260,0.017548,0.008014,0.009207,0.001158,0.001507
49,0.017050,0.018345,0.008380,0.009579,0.001196,0.001564
50,0.017844,0.019209,0.008778,0.010009,0.001246,0.001627
51,0.018657,0.020078,0.009170,0.010434,0.001298,0.001695
52,0.019536,0.020956,0.009553,0.010870,0.001347,0.001752
53,0.020421,0.021891,0.009999,0.011320,0.001401,0.001817
54,0.021280,0.022774,0.010440,0.011801,0.001462,0.001879
55,0.022182,0.023693,0.010863,0.012269,0.001521,0.001937
56,0.023043,0.024644,0.011317,0.012747,0.001580,0.001994
57,0.023967,0.025612,0.011768,0.013236,0.001642,0.002078
58,0.024919,0.026609,0.012224,0.013716,0.001699,0.002142
59,0.025881,0.027647,0.012705,0.014232,0.001765,0.002219
60,0.026855,0.028658,0.013179,0.014728,0.001837,0.002292
61,0.027883,0.029717,0.013697,0.015286,0.001912,0.002356
62,0.028880,0.030817,0.014199,0.015829,0.001981,0.002432
63,0.029874,0.031904,0.014732,0.016388,0.002042,0.002503
64,0.030925,0.033058,0.015302,0.016954,0.002115,0.002576
65,0.031985,0.034246,0.015856,0.017550,0.002188,0.002661
66,0.033080,0.035388,0.016412,0.018162,0.002266,0.002726
67,0.034218,0.036553,0.017007,0.018782,0.002343,0.002809
68,0.035358,0.037767,0.017603,0.019422,0.002426,0.002888
69,0.036564,0.038967,0.018215,0.020037,0.002518,0.002966
70,0.037715,0.040211,0.018812,0.020677,0.002595,0.003057
71,0.038912,0.041489,0.019422,0.021307,0.002682,0.003141
72,0.040113,0.042781,0.020040,0.021945,0.002761,0.003217
73,0.041306,0.044065,0.020683,0.022585,0.002870,0.003294
74,0.042560,0.045391,0.021292,0.023287,0.002966,0.003380
75,0.043831,0.046667,0.021943,0.023965,0.003046,0.003476
76,0.045109,0.047987,0.022613,0.024670,0.003141,0.003557
77,0.046441,0.049330,0.023296,0.025374,0.003240,0.003644
78,0.047744,0.050731,0.023928,0.026077,0.003334,0.003741
79,0.049099,0.052119,0.024577,0.026810,0.003427,0.003835
80,0.050441,0.053581,0.025249,0.027565,0.003535,0.003925
81,0.051829,0.055013,0.025981,0.028344,0.003627,0.004018
82,0.053231,0.056470,0.026674,0.029100,0.003724,0.004120
83,0.054628,0.057924,0.027410,0.029890,0.003829,0.004228
84,0.056036,0.059432,0.028177,0.030674,0.003929,0.004329
85,0.057504,0.060992,0.028950,0.031492,0.004031,0.004433
86,0.059039,0.062488,0.029661,0.032282,0.004138,0.004527
87,0.060515,0.064062,0.030450,0.033144,0.004247,0.004639
88,0.062026,0.065679,0.031238,0.033990,0.004354,0.004747
89,0.063585,0.067281,0.032033,0.034870,0.004474,0.004852
90,0.065148,0.068854,0.032827,0.035740,0.004581,0.004956
91,0.066743,0.070494,0.033629,0.036602,0.004689,0.005060
92,0.068386,0.072189,0.034440,0.037477,0.004804,0.005166
93,0.070031,0.073827,0.035237,0.038431,0.004919,0.005268
94,0.071696,0.075508,0.036105,0.039373,0.005027,0.005378
95,0.073411,0.077214,0.036943,0.040355,0.005154,0.005488
96,0.075101,0.078975,0.037774,0.041293,0.005273,0.005596
97,0.076848,0.080745,0.038656,0.042252,0.005401,0.005726
98,0.078624,0.082554,0.039521,0.043240,0.005531,0.005853
99,0.080393,0.084363,0.040406,0.044264,0.005677,0.005977
100,0.082200,0.086179,0.041316,0.045248,0.005817,0.006103
101,0.084032,0.088010,0.042236,0.046258,0.005964,0.006235
102,0.085897,0.089888,0.043151,0.047271,0.006097,0.006349
103,0.087770,0.091819,0.044050,0.048258,0.006227,0.006481
104,0.089641,0.093754,0.044965,0.049318,0.006369,0.006628
105,0.091601,0.095688,0.045889,0.050370,0.006498,0.006776
106,0.093585,0.097579,0.046852,0.051423,0.006632,0.006901
107,0.095547,0.099573,0.047817,0.052477,0.006753,0.007040
108,0.097520,0.101597,0.048783,0.053550,0.006897,0.007185
109,0.099543,0.103574,0.049747,0.054639,0.007047,0.007324
110,0.101562,0.105635,0.050753,0.055735,0.007182,0.007471
111,0.103616,0.107720,0.051761,0.056890,0.007317,0.007592
112,0.105645,0.109842,0.052786,0.057979,0.007449,0.007736
113,0.107783,0.111942,0.053875,0.059091,0.007590,0.007891
114,0.109869,0.114029,0.054954,0.060203,0.007739,0.008046
115,0.112018,0.116163,0.056030,0.061398,0.007899,0.008190
116,0.114121,0.118286,0.057094,0.062567,0.008055,0.008335
117,0.116293,0.120435,0.058213,0.063729,0.008209,0.008491
118,0.118466,0.122719,0.059301,0.064886,0.008361,0.008651
119,0.120707,0.124925,0.060417,0.066047,0.008523,0.008806
120,0.122937,0.127150,0.061547,0.067230,0.008679,0.008967
121,0.125170,0.129373,0.062653,0.068425,0.008846,0.009136
122,0.127444,0.131603,0.063785,0.069658,0.008992,0.009318
123,0.129778,0.133843,0.064934,0.070892,0.009139,0.009470
124,0.131993,0.136125,0.066138,0.072125,0.009288,0.009631
125,0.134302,0.138414,0.067297,0.073376,0.009446,0.009788
126,0.136597,0.140733,0.068508,0.074603,0.009614,0.009962
127,0.138985,0.143060,0.069775,0.075876,0.009787,0.010125
128,0.141360,0.145432,0.070983,0.077118,0.009958,0.010287
129,0.143811,0.147864,0.072197,0.078417,0.010121,0.010454
130,0.146132,0.150339,0.073489,0.079742,0.010297,0.010617
131,0.148585,0.152733,0.074786,0.081059,0.010469,0.010820
132,0.151062,0.155172,0.076052,0.082427,0.010636,0.010988
133,0.153606,0.157631,0.077314,0.083751,0.010804,0.011173
134,0.156132,0.160172,0.078577,0.085139,0.010996,0.011359
135,0.158580,0.162675,0.079884,0.086515,0.011164,0.011539
136,0.161105,0.165231,0.081212,0.087877,0.011344,0.011705
137,0.163674,0.167820,0.082539,0.089268,0.011527,0.011887
138,0.166278,0.170443,0.083911,0.090648,0.011714,0.012073
139,0.168970,0.173100,0.085253,0.092067,0.011883,0.012283
140,0.171700,0.175848,0.086586,0.093494,0.012065,0.012469
141,0.174344,0.178511,0.088010,0.094944,0.012249,0.012670
142,0.176990,0.181231,0.089465,0.096357,0.012438,0.012876
143,0.179701,0.184005,0.090858,0.097800,0.012631,0.013077
144,0.182396,0.186808,0.092249,0.099276,0.012810,0.013284
145,0.185128,0.189611,0.093682,0.100750,0.013004,0.013500
146,0.187886,0.192402,0.095085,0.102227,0.013192,0.013713
147,0.190558,0.195235,0.096567,0.103724,0.013382,0.013926
148,0.193367,0.198135,0.098024,0.105222,0.013574,0.014127
149,0.196148,0.200997,0.099526,0.106724,0.013760,0.014357
150,0.198998,0.203880,0.100992,0.108281,0.013950,0.014569
151,0.201849,0.206771,0.102497,0.109871,0.014146,0.014773
152,0.204695,0.209727,0.103991,0.111437,0.014345,0.014997
153,0.207601,0.212715,0.105466,0.112957,0.014543,0.015229
154,0.210519,0.215720,0.107007,0.114543,0.014740,0.015461
155,0.213505,0.218765,0.108564,0.116124,0.014937,0.015688
156,0.216525,0.221827,0.110085,0.117704,0.015142,0.015908
157,0.219601,0.224908,0.111582,0.119317,0.015361,0.016141
158,0.222614,0.227914,0.113099,0.120852,0.015569,0.016364
159,0.225613,0.231063,0.114686,0.122426,0.015774,0.016599
160,0.228686,0.234244,0.116268,0.124036,0.015998,0.016827
161,0.231718,0.237399,0.117847,0.125654,0.016215,0.017061
162,0.234830,0.240490,0.119468,0.127300,0.016442,0.017294
163,0.237960,0.243697,0.121083,0.128912,0.016665,0.017505
164,0.241126,0.246903,0.122789,0.130579,0.016885,0.017736
165,0.244233,0.250239,0.124472,0.132230,0.017091,0.017988
166,0.247349,0.253531,0.126104,0.133901,0.017302,0.018234
167,0.250571,0.256833,0.127736,0.135588,0.017513,0.018469
168,0.253794,0.260139,0.129378,0.137289,0.017729,0.018692
169,0.257064,0.263430,0.131068,0.139055,0.017952,0.018945
170,0.260292,0.266724,0.132762,0.140762,0.018180,0.019188
171,0.263600,0.270165,0.134431,0.142485,0.018414,0.019459
172,0.266907,0.273470,0.136123,0.144246,0.018641,0.019724
173,0.270192,0.276877,0.137883,0.145983,0.018848,0.019990
174,0.273500,0.280355,0.139635,0.147778,0.019101,0.020251
175,0.276906,0.283771,0.141446,0.149617,0.019329,0.020527
176,0.280300,0.287280,0.143213,0.151417,0.019543,0.020781
177,0.283640,0.290683,0.144969,0.153239,0.019777,0.021050
178,0.287053,0.294261,0.146732,0.155076,0.020008,0.021289
179,0.290485,0.297791,0.148543,0.156988,0.020244,0.021556
180,0.293881,0.301349,0.150349,0.158837,0.020501,0.021797
181,0.297379,0.304865,0.152182,0.160700,0.020735,0.022057
182,0.300876,0.308344,0.154009,0.162492,0.020980,0.022328
183,0.304265,0.311934,0.155837,0.164352,0.021228,0.022587
184,0.307734,0.315524,0.157676,0.166261,0.021471,0.022839
185,0.311288,0.319020,0.159565,0.168193,0.021719,0.023099
186,0.314922,0.322525,0.161459,0.170165,0.021977,0.023385
187,0.318486,0.326006,0.163327,0.172027,0.022227,0.023648
188,0.322029,0.329518,0.165201,0.173991,0.022474,0.023917
189,0.325643,0.333064,0.167097,0.175948,0.022725,0.024193
190,0.329155,0.336693,0.169043,0.177890,0.022964,0.024487
191,0.332642,0.340231,0.170989,0.179910,0.023223,0.024753
192,0.336108,0.343768,0.172908,0.181852,0.023484,0.025034
193,0.339587,0.347280,0.174876,0.183870,0.023751,0.025295
194,0.343083,0.350778,0.176800,0.185878,0.024016,0.025571
195,0.346650,0.354227,0.178795,0.187885,0.024268,0.025839
196,0.350082,0.357723,0.180804,0.189956,0.024539,0.026118
197,0.353566,0.361161,0.182783,0.192056,0.024796,0.026401
198,0.356943,0.364464,0.184771,0.194127,0.025074,0.026685
199,0.360388,0.367778,0.186766,0.196278,0.025336,0.026984
200,0.363752,0.371006,0.188787,0.198418,0.025629,0.027271
201,0.367174,0.374223,0.190840,0.200515,0.025913,0.027582
202,0.370485,0.377464,0.192830,0.202618,0.026187,0.027881
203,0.373804,0.380682,0.194895,0.204715,0.026456,0.028181
204,0.377120,0.383799,0.197000,0.206829,0.026763,0.028474
205,0.380256,0.386939,0.199087,0.208995,0.027061,0.028784
206,0.383326,0.389967,0.201202,0.211129,0.027341,0.029083
207,0.386342,0.392987,0.203363,0.213350,0.027631,0.029401
208,0.389303,0.395870,0.205502,0.215503,0.027933,0.029706
209,0.392266,0.398673,0.207667,0.217700,0.028223,0.030047
210,0.395201,0.401494,0.209803,0.219932,0.028544,0.030358
211,0.398015,0.404305,0.211949,0.222203,0.028843,0.030685
212,0.400836,0.406920,0.214190,0.224466,0.029170,0.030985
213,0.403549,0.409586,0.216396,0.226703,0.029485,0.031290
214,0.406173,0.412078,0.218615,0.228967,0.029789,0.031608
215,0.408790,0.414613,0.220869,0.231278,0.030116,0.031918
216,0.411312,0.417070,0.223150,0.233607,0.030433,0.032253
217,0.413762,0.419393,0.225355,0.235951,0.030751,0.032592
218,0.416221,0.421658,0.227563,0.238293,0.031072,0.032936
219,0.418505,0.423844,0.229781,0.240626,0.031384,0.033283
220,0.420821,0.425947,0.232056,0.243015,0.031718,0.033596
221,0.423045,0.428057,0.234414,0.245363,0.032058,0.033942
222,0.425210,0.430045,0.236761,0.247744,0.032372,0.034293
223,0.427262,0.432018,0.239118,0.250054,0.032734,0.034626
224,0.429299,0.433865,0.241478,0.252425,0.033068,0.034980
225,0.431226,0.435659,0.243782,0.254833,0.033419,0.035338
226,0.433160,0.437462,0.246100,0.257196,0.033781,0.035693
227,0.434985,0.439252,0.248442,0.259648,0.034111,0.036049
228,0.436877,0.440987,0.250842,0.262141,0.034480,0.036395
229,0.438636,0.442651,0.253189,0.264615,0.034841,0.036734
230,0.440337,0.444284,0.255536,0.267093,0.035192,0.037101
231,0.442003,0.445850,0.258015,0.269598,0.035562,0.037451
232,0.443607,0.447351,0.260339,0.272069,0.035906,0.037800
233,0.445180,0.448806,0.262839,0.274534,0.036268,0.038193
234,0.446728,0.450245,0.265276,0.277040,0.036633,0.038579
235,0.448231,0.451666,0.267748,0.279470,0.036996,0.038928
236,0.449623,0.453005,0.270182,0.282039,0.037368,0.039311
237,0.451020,0.454330,0.272606,0.284681,0.037708,0.039681
238,0.452382,0.455596,0.275095,0.287272,0.038085,0.040070
239,0.453719,0.456855,0.277525,0.289797,0.038472,0.040469
240,0.454988,0.458093,0.279997,0.292394,0.038864,0.040867
241,0.456204,0.459219,0.282426,0.294974,0.039238,0.041251
242,0.457441,0.460371,0.284911,0.297531,0.039629,0.041625
243,0.458642,0.461465,0.287403,0.300179,0.040014,0.042021
244,0.459793,0.462516,0.289913,0.302742,0.040436,0.042430
245,0.460904,0.463563,0.292413,0.305295,0.040831,0.042832
246,0.461976,0.464540,0.294891,0.307974,0.041221,0.043240
247,0.462985,0.465495,0.297487,0.310611,0.041622,0.043665
248,0.463964,0.466434,0.299987,0.313195,0.042007,0.044063
249,0.464896,0.467352,0.302525,0.315796,0.042421,0.044479
250,0.465788,0.468199,0.305126,0.318422,0.042831,0.044881
251,0.466665,0.468984,0.307731,0.321047,0.043247,0.045292
252,0.467523,0.469781,0.310306,0.323629,0.043661,0.045710
253,0.468326,0.470538,0.312851,0.326261,0.044092,0.046098
254,0.469097,0.471209,0.315441,0.328894,0.044514,0.046494
255,0.469838,0.471902,0.318010,0.331581,0.044937,0.046898
256,0.470579,0.472543,0.320605,0.334238,0.045366,0.047324
257,0.471255,0.473171,0.323203,0.336840,0.045790,0.047765
258,0.471895,0.473771,0.325803,0.339496,0.046227,0.048187
259,0.472549,0.474365,0.328337,0.342117,0.046674,0.048594
260,0.473133,0.474885,0.331018,0.344690,0.047097,0.049037
261,0.473696,0.475392,0.333657,0.347271,0.047559,0.049500
262,0.474225,0.475836,0.336212,0.349790,0.047988,0.049954
263,0.474719,0.476260,0.338767,0.352344,0.048436,0.050397
264,0.475187,0.476718,0.341320,0.354895,0.048882,0.050853
265,0.475618,0.477081,0.343847,0.357409,0.049330,0.051332
266,0.476074,0.477415,0.346351,0.359897,0.049760,0.051780
267,0.476462,0.477766,0.348878,0.362296,0.050206,0.052237
268,0.476823,0.478084,0.351411,0.364800,0.050645,0.052691
269,0.477159,0.478375,0.353915,0.367181,0.051119,0.053165
270,0.477466,0.478647,0.356417,0.369598,0.051569,0.053653
271,0.477766,0.478898,0.358868,0.371926,0.052081,0.054131
272,0.478058,0.479099,0.361284,0.374290,0.052533,0.054604
273,0.478338,0.479296,0.363735,0.376606,0.053000,0.055080
274,0.478588,0.479504,0.366151,0.378978,0.053475,0.055550
275,0.478815,0.479664,0.368593,0.381262,0.053955,0.056019
276,0.479023,0.479826,0.371055,0.383470,0.054446,0.056507
277,0.479214,0.479978,0.373395,0.385690,0.054926,0.057006
278,0.479386,0.480107,0.375673,0.387878,0.055404,0.057513
279,0.479534,0.480226,0.377905,0.389976,0.055908,0.058016
280,0.479700,0.480344,0.380185,0.392036,0.056407,0.058499
281,0.479833,0.480436,0.382427,0.394136,0.056903,0.059050
282,0.479957,0.480514,0.384676,0.396204,0.057407,0.059560
283,0.480092,0.480591,0.386862,0.398243,0.057949,0.060112
284,0.480198,0.480643,0.389023,0.400251,0.058452,0.060649
285,0.480301,0.480698,0.391155,0.402225,0.058974,0.061182
286,0.480381,0.480753,0.393257,0.404129,0.059523,0.061713
287,0.480465,0.480804,0.395280,0.406036,0.060060,0.062292
288,0.480534,0.480849,0.397310,0.407912,0.060602,0.062826
289,0.480605,0.480885,0.399241,0.409732,0.061125,0.063350
290,0.480669,0.480915,0.401197,0.411452,0.061625,0.063871
291,0.480722,0.480948,0.403138,0.413221,0.062167,0.064438
292,0.480767,0.480981,0.405012,0.414921,0.062700,0.065018
293,0.480809,0.481008,0.406852,0.416589,0.063237,0.065587
294,0.480845,0.481029,0.408657,0.418228,0.063755,0.066166
295,0.480897,0.481045,0.410417,0.419787,0.064279,0.066714
296,0.480934,0.481061,0.412154,0.421302,0.064836,0.067259
297,0.480962,0.481074,0.413845,0.422870,0.065411,0.067819
298,0.480991,0.481089,0.415494,0.424389,0.065974,0.068388
299,0.481018,0.481100,0.417123,0.425878,0.066561,0.068978
300,0.481042,0.481113,0.418727,0.427344,0.067114,0.069576
301,0.481064,0.481122,0.420251,0.428716,0.067682,0.070206
302,0.481082,0.481132,0.421784,0.430057,0.068267,0.070839
303,0.481101,0.481140,0.423294,0.431339,0.068867,0.071460
304,0.481115,0.481143,0.424772,0.432612,0.069485,0.072074
305,0.481125,0.481148,0.426224,0.433867,0.070057,0.072670
306,0.481138,0.481156,0.427595,0.435110,0.070640,0.073288
307,0.481149,0.481163,0.428971,0.436320,0.071240,0.073918
308,0.481159,0.481166,0.430380,0.437482,0.071880,0.074541
309,0.481165,0.481174,0.431647,0.438685,0.072485,0.075159
310,0.481173,0.481178,0.432961,0.439838,0.073066,0.075781
311,0.481179,0.481180,0.434221,0.440996,0.073664,0.076449
312,0.481186,0.481185,0.435494,0.442109,0.074238,0.077117
313,0.481190,0.481189,0.436703,0.443180,0.074861,0.077801
314,0.481196,0.481194,0.437938,0.444254,0.075492,0.078486
315,0.481199,0.481198,0.439165,0.445331,0.076095,0.079168
316,0.481202,0.481201,0.440316,0.446333,0.076689,0.079869
317,0.481210,0.481206,0.441435,0.447290,0.077318,0.080543
318,0.481215,0.481210,0.442517,0.448264,0.077974,0.081249
319,0.481221,0.481214,0.443572,0.449258,0.078630,0.081953
320,0.481224,0.481216,0.444595,0.450162,0.079272,0.082657
321,0.481232,0.481218,0.445576,0.451071,0.079930,0.083361
322,0.481237,0.481223,0.446559,0.451967,0.080576,0.084085
323,0.481242,0.481227,0.447549,0.452814,0.081237,0.084780
324,0.481245,0.481234,0.448475,0.453615,0.081912,0.085499
325,0.481250,0.481237,0.449410,0.454453,0.082595,0.086240
326,0.481252,0.481238,0.450301,0.455255,0.083298,0.086992
327,0.481257,0.481241,0.451183,0.456030,0.083953,0.087711
328,0.481262,0.481246,0.452048,0.456790,0.084670,0.088477
329,0.481267,0.481249,0.452929,0.457543,0.085375,0.089227
330,0.481273,0.481253,0.453761,0.458290,0.086064,0.089946
331,0.481277,0.481257,0.454600,0.459010,0.086768,0.090672
332,0.481282,0.481264,0.455390,0.459669,0.087489,0.091486
333,0.481286,0.481270,0.456124,0.460332,0.088204,0.092238
334,0.481293,0.481276,0.456860,0.460968,0.088920,0.093005
335,0.481299,0.481279,0.457540,0.461592,0.089621,0.093757
336,0.481305,0.481287,0.458208,0.462186,0.090322,0.094561
337,0.481310,0.481295,0.458918,0.462759,0.091049,0.095375
338,0.481317,0.481302,0.459560,0.463316,0.091785,0.096151
339,0.481321,0.481307,0.460209,0.463869,0.092484,0.096986
340,0.481326,0.481310,0.460814,0.464402,0.093245,0.097768
341,0.481329,0.481318,0.461377,0.464909,0.093972,0.098575
342,0.481332,0.481327,0.461965,0.465374,0.094725,0.099407
343,0.481337,0.481335,0.462560,0.465852,0.095498,0.100188
344,0.481340,0.481342,0.463123,0.466314,0.096273,0.101022
345,0.481344,0.481347,0.463631,0.466798,0.097014,0.101839
346,0.481349,0.481356,0.464130,0.467236,0.097791,0.102714
347,0.481353,0.481360,0.464630,0.467647,0.098604,0.103550
348,0.481361,0.481367,0.465138,0.468051,0.099410,0.104438
349,0.481365,0.481374,0.465602,0.468426,0.100254,0.105296
350,0.481371,0.481379,0.466099,0.468794,0.101052,0.106158
351,0.481374,0.481385,0.466533,0.469166,0.101847,0.106999
352,0.481381,0.481388,0.466963,0.469485,0.102643,0.107864
353,0.481387,0.481392,0.467394,0.469818,0.103455,0.108758
354,0.481393,0.481396,0.467801,0.470131,0.104259,0.109625
355,0.481399,0.481403,0.468167,0.470417,0.105094,0.110516
356,0.481405,0.481407,0.468522,0.470705,0.105907,0.111411
357,0.481408,0.481415,0.468891,0.470969,0.106746,0.112296
358,0.481415,0.481423,0.469217,0.471227,0.107539,0.113195
359,0.481419,0.481430,0.469549,0.471469,0.108354,0.114110
360,0.481425,0.481437,0.469872,0.471689,0.109173,0.114993
361,0.481430,0.481443,0.470187,0.471913,0.109993,0.115948
362,0.481437,0.481449,0.470467,0.472111,0.110836,0.116834
363,0.481440,0.481456,0.470730,0.472305,0.111700,0.117764
364,0.481448,0.481467,0.470990,0.472500,0.112562,0.118711
365,0.481454,0.481471,0.471267,0.472656,0.113406,0.119658
366,0.481459,0.481477,0.471497,0.472826,0.114255,0.120596
367,0.481465,0.481487,0.471748,0.472986,0.115139,0.121547
368,0.481471,0.481497,0.471978,0.473148,0.115964,0.122504
369,0.481478,0.481503,0.472187,0.473282,0.116850,0.123445
370,0.481484,0.481511,0.472367,0.473413,0.117755,0.124476
371,0.481492,0.481516,0.472560,0.473531,0.118666,0.125450
372,0.481500,0.481523,0.472736,0.473655,0.119534,0.126432
373,0.481504,0.481532,0.472896,0.473779,0.120435,0.127420
374,0.481510,0.481541,0.473075,0.473878,0.121337,0.128395
375,0.481517,0.481548,0.473270,0.473982,0.122269,0.129368
376,0.481524,0.481555,0.473424,0.474070,0.123220,0.130342
377,0.481531,0.481559,0.473556,0.474167,0.124172,0.131296
378,0.481536,0.481576,0.473686,0.474260,0.125124,0.132274
379,0.481544,0.481588,0.473817,0.474329,0.126039,0.133323
380,0.481552,0.481596,0.473951,0.474401,0.126981,0.134328
381,0.481556,0.481606,0.474055,0.474475,0.127942,0.135339
382,0.481565,0.481620,0.474171,0.474541,0.128892,0.136382
383,0.481573,0.481629,0.474274,0.474595,0.129836,0.137392
384,0.481579,0.481639,0.474365,0.474664,0.130824,0.138428
385,0.481588,0.481649,0.474441,0.474718,0.131765,0.139370
386,0.481596,0.481657,0.474521,0.474772,0.132742,0.140404
387,0.481607,0.481663,0.474615,0.474822,0.133705,0.141439
388,0.481615,0.481670,0.474692,0.474874,0.134689,0.142476
389,0.481623,0.481673,0.474766,0.474915,0.135692,0.143522
390,0.481630,0.481683,0.474827,0.474952,0.136697,0.144530
391,0.481638,0.481693,0.474901,0.475001,0.137680,0.145542
392,0.481646,0.481704,0.474959,0.475045,0.138652,0.146617
393,0.481650,0.481716,0.475015,0.475089,0.139623,0.147660
394,0.481661,0.481725,0.475065,0.475125,0.140641,0.148696
395,0.481670,0.481734,0.475118,0.475164,0.141654,0.149781
396,0.481678,0.481746,0.475172,0.475203,0.142634,0.150846
397,0.481689,0.481754,0.475223,0.475236,0.143627,0.151955
398,0.481697,0.481758,0.475275,0.475266,0.144648,0.152963
399,0.481706,0.481767,0.475314,0.475302,0.145651,0.154053
400,0.481716,0.481776,0.475355,0.475328,0.146688,0.155124
401,0.481727,0.481789,0.475401,0.475352,0.147737,0.156218
402,0.481736,0.481797,0.475439,0.475380,0.148785,0.157343
403,0.481746,0.481807,0.475472,0.475409,0.149834,0.158440
404,0.481752,0.481820,0.475519,0.475439,0.150873,0.159517
405,0.481759,0.481832,0.475552,0.475477,0.151930,0.160600
406,0.481769,0.481843,0.475590,0.475516,0.152948,0.161719
407,0.481777,0.481853,0.475626,0.475542,0.154001,0.162796
408,0.481783,0.481866,0.475660,0.475566,0.155067,0.163868
409,0.481793,0.481881,0.475690,0.475599,0.156093,0.164924
410,0.481802,0.481890,0.475722,0.475626,0.157148,0.166033
411,0.481812,0.481907,0.475749,0.475662,0.158278,0.167132
412,0.481820,0.481918,0.475786,0.475690,0.159382,0.168253
413,0.481830,0.481926,0.475822,0.475710,0.160450,0.169337
414,0.481843,0.481941,0.475862,0.475739,0.161577,0.170413
415,0.481852,0.481956,0.475900,0.475764,0.162632,0.171525
416,0.481862,0.481969,0.475924,0.475793,0.163764,0.172652
417,0.481871,0.481979,0.475947,0.475823,0.164844,0.173813
418,0.481883,0.481992,0.475973,0.475851,0.165966,0.174980
419,0.481891,0.482005,0.475992,0.475881,0.167009,0.176097
420,0.481902,0.482024,0.476023,0.475913,0.168105,0.177240
421,0.481913,0.482040,0.476046,0.475941,0.169204,0.178308
422,0.481920,0.482050,0.476074,0.475976,0.170314,0.179459
423,0.481934,0.482067,0.476102,0.476008,0.171458,0.180611
424,0.481940,0.482080,0.476140,0.476039,0.172596,0.181761
425,0.481951,0.482097,0.476171,0.476072,0.173682,0.182901
426,0.481962,0.482109,0.476201,0.476098,0.174760,0.184082
427,0.481967,0.482125,0.476230,0.476120,0.175874,0.185189
428,0.481977,0.482137,0.476260,0.476147,0.176995,0.186302
429,0.481986,0.482153,0.476296,0.476176,0.178109,0.187433
430,0.481995,0.482166,0.476317,0.476199,0.179226,0.188568
431,0.482005,0.482183,0.476347,0.476226,0.180358,0.189696
432,0.482017,0.482197,0.476371,0.476259,0.181487,0.190859
433,0.482029,0.482211,0.476403,0.476285,0.182643,0.191992
434,0.482039,0.482226,0.476428,0.476320,0.183807,0.193163
435,0.482045,0.482237,0.476458,0.476356,0.184944,0.194347
436,0.482052,0.482254,0.476490,0.476395,0.186089,0.195492
437,0.482066,0.482267,0.476515,0.476422,0.187208,0.196680
438,0.482075,0.482283,0.476544,0.476456,0.188337,0.197786
439,0.482084,0.482305,0.476580,0.476494,0.189498,0.198926
440,0.482098,0.482321,0.476607,0.476531,0.190652,0.200121
441,0.482111,0.482333,0.476632,0.476568,0.191784,0.201284
442,0.482120,0.482347,0.476656,0.476607,0.192999,0.202425
443,0.482126,0.482359,0.476685,0.476642,0.194171,0.203557
444,0.482139,0.482371,0.476719,0.476672,0.195355,0.204700
445,0.482144,0.482382,0.476752,0.476705,0.196547,0.205834
446,0.482156,0.482393,0.476785,0.476740,0.197692,0.206975
447,0.482169,0.482407,0.476821,0.476777,0.198872,0.208094
448,0.482183,0.482422,0.476849,0.476814,0.200043,0.209255
449,0.482191,0.482432,0.476877,0.476847,0.201217,0.210408
450,0.482198,0.482444,0.476912,0.476877,0.202406,0.211560
451,0.482209,0.482456,0.476943,0.476915,0.203561,0.212715
452,0.482224,0.482470,0.476976,0.476951,0.204753,0.213884
453,0.482234,0.482487,0.477006,0.476990,0.205946,0.215009
454,0.482245,0.482501,0.477045,0.477024,0.207103,0.216122
455,0.482256,0.482522,0.477084,0.477057,0.208248,0.217257
456,0.482264,0.482532,0.477120,0.477097,0.209385,0.218432
457,0.482271,0.482545,0.477148,0.477134,0.210502,0.219567
458,0.482281,0.482559,0.477185,0.477170,0.211689,0.220720
459,0.482288,0.482570,0.477210,0.477209,0.212845,0.221873
460,0.482297,0.482582,0.477249,0.477242,0.213956,0.223002
461,0.482307,0.482596,0.477284,0.477278,0.215137,0.224111
462,0.482316,0.482606,0.477316,0.477323,0.216271,0.225227
463,0.482327,0.482616,0.477343,0.477366,0.217402,0.226258
464,0.482338,0.482628,0.477382,0.477405,0.218519,0.227372
465,0.482348,0.482642,0.477413,0.477447,0.219656,0.228464
466,0.482357,0.482651,0.477456,0.477490,0.220792,0.229568
467,0.482366,0.482659,0.477489,0.477532,0.221930,0.230649
468,0.482377,0.482669,0.477526,0.477563,0.223079,0.231750
469,0.482383,0.482676,0.477559,0.477606,0.224232,0.232866
470,0.482394,0.482687,0.477602,0.477646,0.225369,0.233942
471,0.482400,0.482697,0.477638,0.477681,0.226496,0.235058
472,0.482406,0.482710,0.477678,0.477724,0.227609,0.236160
473,0.482415,0.482724,0.477708,0.477763,0.228725,0.237248
474,0.482426,0.482736,0.477745,0.477804,0.229857,0.238351
475,0.482440,0.482751,0.477780,0.477850,0.231012,0.239396
476,0.482451,0.482766,0.477821,0.477895,0.232113,0.240478
477,0.482460,0.482776,0.477862,0.477932,0.233187,0.241569
478,0.482469,0.482785,0.477899,0.477964,0.234282,0.242609
479,0.482482,0.482798,0.477947,0.478005,0.235364,0.243676
480,0.482496,0.482818,0.477986,0.478054,0.236465,0.244771
481,0.482502,0.482827,0.478032,0.478088,0.237562,0.245876
482,0.482513,0.482839,0.478076,0.478133,0.238747,0.246931
483,0.482520,0.482851,0.478122,0.478166,0.239863,0.248003
484,0.482531,0.482863,0.478162,0.478206,0.240939,0.249069
485,0.482540,0.482878,0.478204,0.478243,0.242035,0.250135
486,0.482553,0.482889,0.478235,0.478283,0.243128,0.251237
487,0.482568,0.482901,0.478268,0.478326,0.244238,0.252286
488,0.482578,0.482913,0.478304,0.478368,0.245352,0.253348
489,0.482588,0.482924,0.478337,0.478411,0.246443,0.254446
490,0.482600,0.482937,0.478383,0.478450,0.247556,0.255460
491,0.482610,0.482948,0.478423,0.478486,0.248663,0.256514
492,0.482623,0.482955,0.478456,0.478525,0.249733,0.257592
493,0.482630,0.482966,0.478494,0.478569,0.250798,0.258621
494,0.482640,0.482974,0.478532,0.478613,0.251884,0.259688
495,0.482648,0.482984,0.478574,0.478651,0.252979,0.260717
496,0.482657,0.482993,0.478615,0.478698,0.254066,0.261733
497,0.482667,0.483008,0.478657,0.478741,0.255149,0.262750
498,0.482679,0.483020,0.478688,0.478788,0.256213,0.263834
499,0.482692,0.483034,0.478725,0.478820,0.257247,0.264891
